{"cameraMode":{"drawMode":0,"name":"Shaded","section":"Shading Mode"},"sceneLighting":false,"audioPlay":false,"sceneViewState":{"showFog":true,"showMaterialUpdate":false,"showSkybox":false,"showFlares":true,"showImageEffects":true,"showParticleSystems":true},"in2DMode":false,"pivot":{"x":-0.1796657294034958,"y":-1.8945780992507935,"z":3.134248733520508},"rotation":{"x":0.14900222420692445,"y":-0.3339323401451111,"z":0.05354618281126022,"w":0.9292083978652954},"size":1.5570106506347657,"orthographic":true}